Workbook

Sheet 배치결과(원본)
A1: 과목명 | B1: 병원명 | C1: T1 | D1: T2 | E1: T3 | F1: T4 | G1: T5 | H1: T6 | I1: T7 | J1: T8 | K1: T9 | L1: T10
A2: 임상심화실습1 | B2: 원주세브란스기독병원 | G2: B10 B12 B16 B19 B28 B33 B4 B48 | H2: B31 B37 B41 B46 | I2: B32 B35 B36 B42
A3: 임상심화실습1 | B3: 경희의료원 | H3: B1 B11 B13 B15 B17 B20 B23 B26 B29 B30 B40 B43 B44 B49 B8 B9 | I3: B14 B2 B21 B22 B24 B25 B27 B3 B45 B47 B5 B6
A4: 임상심화실습1 | B4: 동탄제일병원 | J4: A10 A12 A14 A17 A18 A19 A20 A24 | K4: A13 A2 A3 A35 A36 A40 A43 | L4: A11 A21 A22 A23 A25 A27 A28
A5: 임상심화실습1 | B5: 원주의료원 | J5: A15 A16 A30 A33 | K5: A37 A38 A41 A42 | L5: A1 A26 A29 A32
A6: 임상심화실습1 | B6: 삼성서울 | J6: A34 A8 | K6: A39 A5
A7: 임상심화실습1 | B7: 보라매병원 | G7: B18 B7 | H7: B38 B39 | I7: B34 B50 | J7: A4 A9 | K7: A6 A7 | L7: A31 A44
A8: 지역 | B8: 원주시보건소 | G8: B17 B21 B24 B25 B39 B41 | H8: B10 B2 B22 B27 B3 B6 | I8: B1 B16 B18 B19 B20 B23 B26 B46
A9: 지역 | B9: 강릉원주대학교 보건실 | J9: A11 A2 A31 A38 | K9: A10 A24 A25 A27 A44 | L9: A16 A17 A19 A36 A41
A10: 지역 | B10: 횡성군보건소 | G10: B30 B31 B34 B37 B40 B42 | H10: B32 B33 B35 B36 B48 B7 | I10: B12 B29 B38 B43 B44 B49 | J10: A21 A22 A23 A3 A42 A43 | K10: A1 A15 A18 A26 A29 A32 | L10: A12 A13 A14 A34 A37 A4
A11: 지역 | B11: 서울시립동대문실버케어센터 | G11: B11 B13 B45 B5 | H11: B14 B4 B47 B50 | I11: B15 B28 B8 B9 | J11: A39 A5 A6 A7 | K11: A20 A28 A30 A9 | L11: A33 A35 A40 A8
A12: 정신 | B12: 고려대학교 안암병원 | G12: B26 B9 | H12: B24 B45 | I12: B10 B33 | J12: A37 A41 | K12: A19 A34 | L12: A18 A6
A13: 정신 | B13: 원주세브란스기독병원 | G13: B44 B8 | H13: B18 B21 | I13: B13 B40 | J13: A27 A28 | K13: A16 A17 A4 A8 | L13: A10 A15 A24 A3
A14: 정신 | B14: 중앙보훈병원 | G14: B22 B29 B32 | H14: B12 B19 B25 | I14: B17 B30 B7 | J14: A25 A29 A35 | K14: A12 A31 A33 | L14: A30 A42 A5
A15: 정신 | B15: 마포구정신건강복지센터 | C15: A1 A13 B39 B47 | D15: A2 A26 B3 B5 | E15: A20 A21 A40 B20
A16: 정신 | B16: 경희의료원 | C16: A14 A36 A43 A44 B36 B48 | D16: A11 A23 A38 A7 B34 B38 | E16: A22 A32 A39 A9 B37 B4 | F16: B16 B28 B31 B35 B42 B50
A17: 정신 | B17: 늘푸른집 | C17: B14 B15 B46 B49 | D17: B23 B27 B43 B6 | E17: B1 B11 B2 B41

Sheet 배치결과(분할_재배치)
A1: 과목명 | C1: 병원명 | D1: T1 | E1: T2 | F1: T3 | G1: T4 | H1: T5 | I1: T6 | J1: T7 | K1: T8 | L1: T9 | M1: T10
A2: 임상심화실습1 | B2: 아동 | C2: 원주세브란스기독병원 | H2: B10 B12 B16 B19 | I2: B31 B37 | J2: B32 B35
C3: 경희의료원(NICU) | I3: B1 B11 B13 B15 | J3: B14 B2 B21 B22
C4: 경희의료원(소아청소년과) | I4: B17 B20 B23 B26 | J4: B24 B25
C5: 동탄제일병원 | K5: A10 A12 A14 | L5: A13 A2 A3 | M5: A11 A21 A22
C6: 원주의료원 | K6: A15 A16 A30 A33 | L6: A37 A38 A41 A42 | M6: A1 A26 A29 A32
B7: 모성 | C7: 원주세브란스기독병원(분만실) | H7: B28 B33 | I7: B41 | J7: B36
C8: 원주세브란스기독병원(22병동) | H8: B4 B48 | I8: B46 | J8: B42
C9: 경희의료원 | I9: B29 B30 B40 B43 B44 B49 B8 B9 | J9: B27 B3 B45 B47 B5 B6
C10: 삼성서울 | K10: A34 A8 | L10: A39 A5
C11: 보라매병원 | H11: B18 B7 | I11: B38 B39 | J11: B34 B50 | K11: A4 A9 | L11: A6 A7 | M11: A31 A44
C12: 동탄제일병원 | K12: A17 A18 A19 A20 A24 | L12: A35 A36 A40 A43 | M12: A23 A25 A27 A28
A13: 지역 | C13: 원주시보건소 | H13: B17 B21 B24 B25 B39 B41 | I13: B10 B2 B22 B27 B3 B6 | J13: B1 B16 B18 B19 B20 B23 B26 B46
C14: 강릉원주대학교 보건실 | K14: A11 A2 A31 A38 | L14: A10 A24 A25 A27 A44 | M14: A16 A17 A19 A36 A41
C15: 횡성군보건소 | H15: B30 B31 B34 B37 B40 B42 | I15: B32 B33 B35 B36 B48 B7 | J15: B12 B29 B38 B43 B44 B49 | K15: A21 A22 A23 A3 A42 A43 | L15: A1 A15 A18 A26 A29 A32 | M15: A12 A13 A14 A34 A37 A4
C16: 서울시립동대문실버케어센터 | H16: B11 B13 B45 B5 | I16: B14 B4 B47 B50 | J16: B15 B28 B8 B9 | K16: A39 A5 A6 A7 | L16: A20 A28 A30 A9 | M16: A33 A35 A40 A8
A17: 정신 | C17: 고려대학교 안암병원 | H17: B26 B9 | I17: B24 B45 | J17: B10 B33 | K17: A37 A41 | L17: A19 A34 | M17: A18 A6
C18: 원주세브란스기독병원 | H18: B44 B8 | I18: B18 B21 | J18: B13 B40 | K18: A27 A28 | L18: A16 A17 A4 A8 | M18: A10 A15 A24 A3
C19: 중앙보훈병원 | H19: B22 B29 B32 | I19: B12 B19 B25 | J19: B17 B30 B7 | K19: A25 A29 A35 | L19: A12 A31 A33 | M19: A30 A42 A5
C20: 마포구정신건강복지센터 | D20: A1 A13 B39 B47 | E20: A2 A26 B3 B5 | F20: A20 A21 A40 B20
C21: 경희의료원 | D21: A14 A36 A43 A44 B36 B48 | E21: A11 A23 A38 A7 B34 B38 | F21: A22 A32 A39 A9 B37 B4 | G21: B16 B28 B31 B35 B42 B50
C22: 늘푸른집 | D22: B14 B15 B46 B49 | E22: B23 B27 B43 B6 | F22: B1 B11 B2 B41

Sheet 명단
A1: No. | B1: A반 | D1: B반 | G1: 해당 시트 주의사항 CTRL + X 또는 드래그로 값 이동 금지
B2: 학번 | C2: 이름 | D2: 학번 | E2: 이름
A3: 1
A4: 2
A5: 3
A6: 4
A7: 5
A8: 6
A9: 7
A10: 8
A11: 9
A12: 10
A13: 11
A14: 12
... A52: 50

Sheet 배치결과(이름)
A1: 과목명 | C1: 병원명 | D1: T1 | E1: T2 | F1: T3 | G1: T4 | H1: T5 | I1: T6 | J1: T7 | K1: T8 | L1: T9 | M1: T10
A2: 임상심화실습1 | B2: 아동 | C2: 원주세브란스기독병원 | H2: =IF(ISBLANK(명단!$E$12),"",명단!$E$12)&" "&IF(ISBLANK(명단!$E$14),"",명단!$E$14)&" "&IF(ISBLANK(명단!$E$18),"",명단!$E$18)&" "&IF(ISBLANK(명단!$E$21),"",명단!$E$21) | I2: =IF(ISBLANK(명단!$E$33),"",명단!$E$33)&" "&IF(ISBLANK(명단!$E$39),"",명단!$E$39) | J2: =IF(ISBLANK(명단!$E$34),"",명단!$E$34)&" "&IF(ISBLANK(명단!$E$37),"",명단!$E$37)
C3: 경희의료원(NICU) | I3: =IF(ISBLANK(명단!$E$3),"",명단!$E$3)&" "&IF(ISBLANK(명단!$E$13),"",명단!$E$13)&" "&IF(ISBLANK(명단!$E$15),"",명단!$E$15)&" "&IF(ISBLANK(명단!$E$17),"",명단!$E$17) | J3: =IF(ISBLANK(명단!$E$16),"",명단!$E$16)&" "&IF(ISBLANK(명단!$E$4),"",명단!$E$4)&" "&IF(ISBLANK(명단!$E$23),"",명단!$E$23)&" "&IF(ISBLANK(명단!$E$24),"",명단!$E$24)
C4: 경희의료원(소아청소년과) | I4: =IF(ISBLANK(명단!$E$19),"",명단!$E$19)&" "&IF(ISBLANK(명단!$E$22),"",명단!$E$22)&" "&IF(ISBLANK(명단!$E$25),"",명단!$E$25)&" "&IF(ISBLANK(명단!$E$28),"",명단!$E$28) | J4: =IF(ISBLANK(명단!$E$26),"",명단!$E$26)&" "&IF(ISBLANK(명단!$E$27),"",명단!$E$27)
C5: 동탄제일병원 | K5: =IF(ISBLANK(명단!$C$12),"",명단!$C$12)&" "&IF(ISBLANK(명단!$C$14),"",명단!$C$14)&" "&IF(ISBLANK(명단!$C$16),"",명단!$C$16) | L5: =IF(ISBLANK(명단!$C$15),"",명단!$C$15)&" "&IF(ISBLANK(명단!$C$4),"",명단!$C$4)&" "&IF(ISBLANK(명단!$C$5),"",명단!$C$5) | M5: =IF(ISBLANK(명단!$C$13),"",명단!$C$13)&" "&IF(ISBLANK(명단!$C$23),"",명단!$C$23)&" "&IF(ISBLANK(명단!$C$24),"",명단!$C$24)
C6: 원주의료원 | K6: =IF(ISBLANK(명단!$C$17),"",명단!$C$17)&" "&IF(ISBLANK(명단!$C$18),"",명단!$C$18)&" "&IF(ISBLANK(명단!$C$32),"",명단!$C$32)&" "&IF(ISBLANK(명단!$C$35),"",명단!$C$35) | L6: =IF(ISBLANK(명단!$C$39),"",명단!$C$39)&" "&IF(ISBLANK(명단!$C$40),"",명단!$C$40)&" "&IF(ISBLANK(명단!$C$43),"",명단!$C$43)&" "&IF(ISBLANK(명단!$C$44),"",명단!$C$44) | M6: =IF(ISBLANK(명단!$C$3),"",명단!$C$3)&" "&IF(ISBLANK(명단!$C$28),"",명단!$C$28)&" "&IF(ISBLANK(명단!$C$31),"",명단!$C$31)&" "&IF(ISBLANK(명단!$C$34),"",명단!$C$34)
B7: 모성 | C7: 원주세브란스기독병원(분만실) | H7: =IF(ISBLANK(명단!$E$30),"",명단!$E$30)&" "&IF(ISBLANK(명단!$E$35),"",명단!$E$35) | I7: =IF(ISBLANK(명단!$E$43),"",명단!$E$43) | J7: =IF(ISBLANK(명단!$E$38),"",명단!$E$38)
C8: 원주세브란스기독병원(22병동) | H8: =IF(ISBLANK(명단!$E$6),"",명단!$E$6)&" "&IF(ISBLANK(명단!$E$50),"",명단!$E$50) | I8: =IF(ISBLANK(명단!$E$48),"",명단!$E$48) | J8: =IF(ISBLANK(명단!$E$44),"",명단!$E$44)
C9: 경희의료원 | I9: =IF(ISBLANK(명단!$E$31),"",명단!$E$31)&" "&IF(ISBLANK(명단!$E$32),"",명단!$E$32)&" "&IF(ISBLANK(명단!$E$42),"",명단!$E$42)&" "&IF(ISBLANK(명단!$E$45),"",명단!$E$45)&" "&IF(ISBLANK(명단!$E$46),"",명단!$E$46)&" "&IF(ISBLANK(명단!$E$51),"",명단!$E$51)&" "&IF(ISBLANK(명단!$E$10),"",명단!$E$10)&" "&IF(ISBLANK(명단!$E$11),"",명단!$E$11) | J9: =IF(ISBLANK(명단!$E$29),"",명단!$E$29)&" "&IF(ISBLANK(명단!$E$5),"",명단!$E$5)&" "&IF(ISBLANK(명단!$E$47),"",명단!$E$47)&" "&IF(ISBLANK(명단!$E$49),"",명단!$E$49)&" "&IF(ISBLANK(명단!$E$7),"",명단!$E$7)&" "&IF(ISBLANK(명단!$E$8),"",명단!$E$8)
C10: 삼성서울 | K10: =IF(ISBLANK(명단!$C$36),"",명단!$C$36)&" "&IF(ISBLANK(명단!$C$10),"",명단!$C$10) | L10: =IF(ISBLANK(명단!$C$41),"",명단!$C$41)&" "&IF(ISBLANK(명단!$C$7),"",명단!$C$7)
C11: 보라매병원 | H11: =IF(ISBLANK(명단!$E$20),"",명단!$E$20)&" "&IF(ISBLANK(명단!$E$9),"",명단!$E$9) | I11: =IF(ISBLANK(명단!$E$40),"",명단!$E$40)&" "&IF(ISBLANK(명단!$E$41),"",명단!$E$41) | J11: =IF(ISBLANK(명단!$E$36),"",명단!$E$36)&" "&IF(ISBLANK(명단!$E$52),"",명단!$E$52) | K11: =IF(ISBLANK(명단!$C$6),"",명단!$C$6)&" "&IF(ISBLANK(명단!$C$11),"",명단!$C$11) | L11: =IF(ISBLANK(명단!$C$8),"",명단!$C$8)&" "&IF(ISBLANK(명단!$C$9),"",명단!$C$9) | M11: =IF(ISBLANK(명단!$C$33),"",명단!$C$33)&" "&IF(ISBLANK(명단!$C$46),"",명단!$C$46)
C12: 동탄제일병원 | K12: =IF(ISBLANK(명단!$C$19),"",명단!$C$19)&" "&IF(ISBLANK(명단!$C$20),"",명단!$C$20)&" "&IF(ISBLANK(명단!$C$21),"",명단!$C$21)&" "&IF(ISBLANK(명단!$C$22),"",명단!$C$22)&" "&IF(ISBLANK(명단!$C$26),"",명단!$C$26) | L12: =IF(ISBLANK(명단!$C$37),"",명단!$C$37)&" "&IF(ISBLANK(명단!$C$38),"",명단!$C$38)&" "&IF(ISBLANK(명단!$C$42),"",명단!$C$42)&" "&IF(ISBLANK(명단!$C$45),"",명단!$C$45) | M12: =IF(ISBLANK(명단!$C$25),"",명단!$C$25)&" "&IF(ISBLANK(명단!$C$27),"",명단!$C$27)&" "&IF(ISBLANK(명단!$C$29),"",명단!$C$29)&" "&IF(ISBLANK(명단!$C$30),"",명단!$C$30)
A13: 지역 | C13: 원주시보건소 | H13: =IF(ISBLANK(명단!$E$19),"",명단!$E$19)&" "&IF(ISBLANK(명단!$E$23),"",명단!$E$23)&" "&IF(ISBLANK(명단!$E$26),"",명단!$E$26)&" "&IF(ISBLANK(명단!$E$27),"",명단!$E$27)&" "&IF(ISBLANK(명단!$E$41),"",명단!$E$41)&" "&IF(ISBLANK(명단!$E$43),"",명단!$E$43) | I13: =IF(ISBLANK(명단!$E$12),"",명단!$E$12)&" "&IF(ISBLANK(명단!$E$4),"",명단!$E$4)&" "&IF(ISBLANK(명단!$E$24),"",명단!$E$24)&" "&IF(ISBLANK(명단!$E$29),"",명단!$E$29)&" "&IF(ISBLANK(명단!$E$5),"",명단!$E$5)&" "&IF(ISBLANK(명단!$E$8),"",명단!$E$8) | J13: =IF(ISBLANK(명단!$E$3),"",명단!$E$3)&" "&IF(ISBLANK(명단!$E$18),"",명단!$E$18)&" "&IF(ISBLANK(명단!$E$20),"",명단!$E$20)&" "&IF(ISBLANK(명단!$E$21),"",명단!$E$21)&" "&IF(ISBLANK(명단!$E$22),"",명단!$E$22)&" "&IF(ISBLANK(명단!$E$25),"",명단!$E$25)&" "&IF(ISBLANK(명단!$E$28),"",명단!$E$28)&" "&IF(ISBLANK(명단!$E$48),"",명단!$E$48)
C14: 강릉원주대학교 보건실 | K14: =IF(ISBLANK(명단!$C$13),"",명단!$C$13)&" "&IF(ISBLANK(명단!$C$4),"",명단!$C$4)&" "&IF(ISBLANK(명단!$C$33),"",명단!$C$33)&" "&IF(ISBLANK(명단!$C$40),"",명단!$C$40) | L14: =IF(ISBLANK(명단!$C$12),"",명단!$C$12)&" "&IF(ISBLANK(명단!$C$26),"",명단!$C$26)&" "&IF(ISBLANK(명단!$C$27),"",명단!$C$27)&" "&IF(ISBLANK(명단!$C$29),"",명단!$C$29)&" "&IF(ISBLANK(명단!$C$46),"",명단!$C$46) | M14: =IF(ISBLANK(명단!$C$18),"",명단!$C$18)&" "&IF(ISBLANK(명단!$C$19),"",명단!$C$19)&" "&IF(ISBLANK(명단!$C$21),"",명단!$C$21)&" "&IF(ISBLANK(명단!$C$38),"",명단!$C$38)&" "&IF(ISBLANK(명단!$C$43),"",명단!$C$43)
C15: 횡성군보건소 | H15: =IF(ISBLANK(명단!$E$32),"",명단!$E$32)&" "&IF(ISBLANK(명단!$E$33),"",명단!$E$33)&" "&IF(ISBLANK(명단!$E$36),"",명단!$E$36)&" "&IF(ISBLANK(명단!$E$39),"",명단!$E$39)&" "&IF(ISBLANK(명단!$E$42),"",명단!$E$42)&" "&IF(ISBLANK(명단!$E$44),"",명단!$E$44) | I15: =IF(ISBLANK(명단!$E$34),"",명단!$E$34)&" "&IF(ISBLANK(명단!$E$35),"",명단!$E$35)&" "&IF(ISBLANK(명단!$E$37),"",명단!$E$37)&" "&IF(ISBLANK(명단!$E$38),"",명단!$E$38)&" "&IF(ISBLANK(명단!$E$50),"",명단!$E$50)&" "&IF(ISBLANK(명단!$E$9),"",명단!$E$9) | J15: =IF(ISBLANK(명단!$E$14),"",명단!$E$14)&" "&IF(ISBLANK(명단!$E$31),"",명단!$E$31)&" "&IF(ISBLANK(명단!$E$40),"",명단!$E$40)&" "&IF(ISBLANK(명단!$E$45),"",명단!$E$45)&" "&IF(ISBLANK(명단!$E$46),"",명단!$E$46)&" "&IF(ISBLANK(명단!$E$51),"",명단!$E$51) | K15: =IF(ISBLANK(명단!$C$23),"",명단!$C$23)&" "&IF(ISBLANK(명단!$C$24),"",명단!$C$24)&" "&IF(ISBLANK(명단!$C$25),"",명단!$C$25)&" "&IF(ISBLANK(명단!$C$5),"",명단!$C$5)&" "&IF(ISBLANK(명단!$C$44),"",명단!$C$44)&" "&IF(ISBLANK(명단!$C$45),"",명단!$C$45) | L15: =IF(ISBLANK(명단!$C$3),"",명단!$C$3)&" "&IF(ISBLANK(명단!$C$17),"",명단!$C$17)&" "&IF(ISBLANK(명단!$C$20),"",명단!$C$20)&" "&IF(ISBLANK(명단!$C$28),"",명단!$C$28)&" "&IF(ISBLANK(명단!$C$31),"",명단!$C$31)&" "&IF(ISBLANK(명단!$C$34),"",명단!$C$34) | M15: =IF(ISBLANK(명단!$C$14),"",명단!$C$14)&" "&IF(ISBLANK(명단!$C$15),"",명단!$C$15)&" "&IF(ISBLANK(명단!$C$16),"",명단!$C$16)&" "&IF(ISBLANK(명단!$C$36),"",명단!$C$36)&" "&IF(ISBLANK(명단!$C$39),"",명단!$C$39)&" "&IF(ISBLANK(명단!$C$6),"",명단!$C$6)
C16: 서울시립동대문실버케어센터 | H16: =IF(ISBLANK(명단!$E$13),"",명단!$E$13)&" "&IF(ISBLANK(명단!$E$15),"",명단!$E$15)&" "&IF(ISBLANK(명단!$E$47),"",명단!$E$47)&" "&IF(ISBLANK(명단!$E$7),"",명단!$E$7) | I16: =IF(ISBLANK(명단!$E$16),"",명단!$E$16)&" "&IF(ISBLANK(명단!$E$6),"",명단!$E$6)&" "&IF(ISBLANK(명단!$E$49),"",명단!$E$49)&" "&IF(ISBLANK(명단!$E$52),"",명단!$E$52) | J16: =IF(ISBLANK(명단!$E$17),"",명단!$E$17)&" "&IF(ISBLANK(명단!$E$30),"",명단!$E$30)&" "&IF(ISBLANK(명단!$E$10),"",명단!$E$10)&" "&IF(ISBLANK(명단!$E$11),"",명단!$E$11) | K16: =IF(ISBLANK(명단!$C$41),"",명단!$C$41)&" "&IF(ISBLANK(명단!$C$7),"",명단!$C$7)&" "&IF(ISBLANK(명단!$C$8),"",명단!$C$8)&" "&IF(ISBLANK(명단!$C$9),"",명단!$C$9) | L16: =IF(ISBLANK(명단!$C$22),"",명단!$C$22)&" "&IF(ISBLANK(명단!$C$30),"",명단!$C$30)&" "&IF(ISBLANK(명단!$C$32),"",명단!$C$32)&" "&IF(ISBLANK(명단!$C$11),"",명단!$C$11) | M16: =IF(ISBLANK(명단!$C$35),"",명단!$C$35)&" "&IF(ISBLANK(명단!$C$37),"",명단!$C$37)&" "&IF(ISBLANK(명단!$C$42),"",명단!$C$42)&" "&IF(ISBLANK(명단!$C$10),"",명단!$C$10)
A17: 정신 | C17: 고려대학교 안암병원 | H17: =IF(ISBLANK(명단!$E$28),"",명단!$E$28)&" "&IF(ISBLANK(명단!$E$11),"",명단!$E$11) | I17: =IF(ISBLANK(명단!$E$26),"",명단!$E$26)&" "&IF(ISBLANK(명단!$E$47),"",명단!$E$47) | J17: =IF(ISBLANK(명단!$E$12),"",명단!$E$12)&" "&IF(ISBLANK(명단!$E$35),"",명단!$E$35) | K17: =IF(ISBLANK(명단!$C$39),"",명단!$C$39)&" "&IF(ISBLANK(명단!$C$43),"",명단!$C$43) | L17: =IF(ISBLANK(명단!$C$21),"",명단!$C$21)&" "&IF(ISBLANK(명단!$C$36),"",명단!$C$36) | M17: =IF(ISBLANK(명단!$C$20),"",명단!$C$20)&" "&IF(ISBLANK(명단!$C$8),"",명단!$C$8)
C18: 원주세브란스기독병원 | H18: =IF(ISBLANK(명단!$E$46),"",명단!$E$46)&" "&IF(ISBLANK(명단!$E$10),"",명단!$E$10) | I18: =IF(ISBLANK(명단!$E$20),"",명단!$E$20)&" "&IF(ISBLANK(명단!$E$23),"",명단!$E$23) | J18: =IF(ISBLANK(명단!$E$15),"",명단!$E$15)&" "&IF(ISBLANK(명단!$E$42),"",명단!$E$42) | K18: =IF(ISBLANK(명단!$C$29),"",명단!$C$29)&" "&IF(ISBLANK(명단!$C$30),"",명단!$C$30) | L18: =IF(ISBLANK(명단!$C$18),"",명단!$C$18)&" "&IF(ISBLANK(명단!$C$19),"",명단!$C$19)&" "&IF(ISBLANK(명단!$C$6),"",명단!$C$6)&" "&IF(ISBLANK(명단!$C$10),"",명단!$C$10) | M18: =IF(ISBLANK(명단!$C$12),"",명단!$C$12)&" "&IF(ISBLANK(명단!$C$17),"",명단!$C$17)&" "&IF(ISBLANK(명단!$C$26),"",명단!$C$26)&" "&IF(ISBLANK(명단!$C$5),"",명단!$C$5)
C19: 중앙보훈병원 | H19: =IF(ISBLANK(명단!$E$24),"",명단!$E$24)&" "&IF(ISBLANK(명단!$E$31),"",명단!$E$31)&" "&IF(ISBLANK(명단!$E$34),"",명단!$E$34) | I19: =IF(ISBLANK(명단!$E$14),"",명단!$E$14)&" "&IF(ISBLANK(명단!$E$21),"",명단!$E$21)&" "&IF(ISBLANK(명단!$E$27),"",명단!$E$27) | J19: =IF(ISBLANK(명단!$E$19),"",명단!$E$19)&" "&IF(ISBLANK(명단!$E$32),"",명단!$E$32)&" "&IF(ISBLANK(명단!$E$9),"",명단!$E$9) | K19: =IF(ISBLANK(명단!$C$27),"",명단!$C$27)&" "&IF(ISBLANK(명단!$C$31),"",명단!$C$31)&" "&IF(ISBLANK(명단!$C$37),"",명단!$C$37) | L19: =IF(ISBLANK(명단!$C$14),"",명단!$C$14)&" "&IF(ISBLANK(명단!$C$33),"",명단!$C$33)&" "&IF(ISBLANK(명단!$C$35),"",명단!$C$35) | M19: =IF(ISBLANK(명단!$C$32),"",명단!$C$32)&" "&IF(ISBLANK(명단!$C$44),"",명단!$C$44)&" "&IF(ISBLANK(명단!$C$7),"",명단!$C$7)
C20: 마포구정신건강복지센터 | D20: =IF(ISBLANK(명단!$C$3),"",명단!$C$3)&" "&IF(ISBLANK(명단!$C$15),"",명단!$C$15)&" "&IF(ISBLANK(명단!$E$41),"",명단!$E$41)&" "&IF(ISBLANK(명단!$E$49),"",명단!$E$49) | E20: =IF(ISBLANK(명단!$C$4),"",명단!$C$4)&" "&IF(ISBLANK(명단!$C$28),"",명단!$C$28)&" "&IF(ISBLANK(명단!$E$5),"",명단!$E$5)&" "&IF(ISBLANK(명단!$E$7),"",명단!$E$7) | F20: =IF(ISBLANK(명단!$C$22),"",명단!$C$22)&" "&IF(ISBLANK(명단!$C$23),"",명단!$C$23)&" "&IF(ISBLANK(명단!$C$42),"",명단!$C$42)&" "&IF(ISBLANK(명단!$E$22),"",명단!$E$22)
C21: 경희의료원 | D21: =IF(ISBLANK(명단!$C$16),"",명단!$C$16)&" "&IF(ISBLANK(명단!$C$38),"",명단!$C$38)&" "&IF(ISBLANK(명단!$C$45),"",명단!$C$45)&" "&IF(ISBLANK(명단!$C$46),"",명단!$C$46)&" "&IF(ISBLANK(명단!$E$38),"",명단!$E$38)&" "&IF(ISBLANK(명단!$E$50),"",명단!$E$50) | E21: =IF(ISBLANK(명단!$C$13),"",명단!$C$13)&" "&IF(ISBLANK(명단!$C$25),"",명단!$C$25)&" "&IF(ISBLANK(명단!$C$40),"",명단!$C$40)&" "&IF(ISBLANK(명단!$C$9),"",명단!$C$9)&" "&IF(ISBLANK(명단!$E$36),"",명단!$E$36)&" "&IF(ISBLANK(명단!$E$40),"",명단!$E$40) | F21: =IF(ISBLANK(명단!$C$24),"",명단!$C$24)&" "&IF(ISBLANK(명단!$C$34),"",명단!$C$34)&" "&IF(ISBLANK(명단!$C$41),"",명단!$C$41)&" "&IF(ISBLANK(명단!$C$11),"",명단!$C$11)&" "&IF(ISBLANK(명단!$E$39),"",명단!$E$39)&" "&IF(ISBLANK(명단!$E$6),"",명단!$E$6) | G21: =IF(ISBLANK(명단!$E$18),"",명단!$E$18)&" "&IF(ISBLANK(명단!$E$30),"",명단!$E$30)&" "&IF(ISBLANK(명단!$E$33),"",명단!$E$33)&" "&IF(ISBLANK(명단!$E$37),"",명단!$E$37)&" "&IF(ISBLANK(명단!$E$44),"",명단!$E$44)&" "&IF(ISBLANK(명단!$E$52),"",명단!$E$52)
C22: 늘푸른집 | D22: =IF(ISBLANK(명단!$E$16),"",명단!$E$16)&" "&IF(ISBLANK(명단!$E$17),"",명단!$E$17)&" "&IF(ISBLANK(명단!$E$48),"",명단!$E$48)&" "&IF(ISBLANK(명단!$E$51),"",명단!$E$51) | E22: =IF(ISBLANK(명단!$E$25),"",명단!$E$25)&" "&IF(ISBLANK(명단!$E$29),"",명단!$E$29)&" "&IF(ISBLANK(명단!$E$45),"",명단!$E$45)&" "&IF(ISBLANK(명단!$E$8),"",명단!$E$8) | F22: =IF(ISBLANK(명단!$E$3),"",명단!$E$3)&" "&IF(ISBLANK(명단!$E$13),"",명단!$E$13)&" "&IF(ISBLANK(명단!$E$4),"",명단!$E$4)&" "&IF(ISBLANK(명단!$E$43),"",명단!$E$43)
